Name,Slug,Collection ID,Locale ID,Item ID,Archived,Draft,Created On,Updated On,Published On,Logo,Website Link
Arizona,arizona,622baf837ee681a6ec443ac0,653ad421e882f528b31e54b1,622bb7407b8dc0da243d3d76,false,true,Fri Mar 11 2022 20:55:28 GMT+0000 (Coordinated Universal Time),Thu Mar 31 2022 14:17:18 GMT+0000 (Coordinated Universal Time),,https://uploads-ssl.webflow.com/61b7956e5b41b31e15be1ab4/622bb73833a2d37ef8c220e0_Arizona.png,
Atlanta - Georgia Tech,georgia-tech,622baf837ee681a6ec443ac0,653ad421e882f528b31e54b1,622bb7a17133da279c5514a1,false,false,Fri Mar 11 2022 20:57:05 GMT+0000 (Coordinated Universal Time),Thu Mar 31 2022 14:24:53 GMT+0000 (Coordinated Universal Time),Thu Mar 31 2022 15:00:54 GMT+0000 (Coordinated Universal Time),https://uploads-ssl.webflow.com/61b7956e5b41b31e15be1ab4/622bb7993b926e6b0f628387_Gerogia-Tech.png,
Austin Univesty of Texas-Austin ,texas-a,622baf837ee681a6ec443ac0,653ad421e882f528b31e54b1,622bb85b666b5c206f611d6d,false,false,Fri Mar 11 2022 21:00:11 GMT+0000 (Coordinated Universal Time),Thu Mar 31 2022 14:25:20 GMT+0000 (Coordinated Universal Time),Thu Mar 31 2022 15:00:54 GMT+0000 (Coordinated Universal Time),https://uploads-ssl.webflow.com/61b7956e5b41b31e15be1ab4/622bb85858344945440703a9_Texas-a.png,
Cal Poly,cal-poly,622baf837ee681a6ec443ac0,653ad421e882f528b31e54b1,622bb756860232349691687f,false,true,Fri Mar 11 2022 20:55:50 GMT+0000 (Coordinated Universal Time),Thu Mar 31 2022 14:18:10 GMT+0000 (Coordinated Universal Time),,https://uploads-ssl.webflow.com/61b7956e5b41b31e15be1ab4/622bb76d2bf7e31cba72ff6c_Cal-Poly.png,
Chapel Hill North Carolina,north-carolina,622baf837ee681a6ec443ac0,653ad421e882f528b31e54b1,622bb8073b926ef2ae628495,false,false,Fri Mar 11 2022 20:58:47 GMT+0000 (Coordinated Universal Time),Thu Mar 31 2022 14:25:34 GMT+0000 (Coordinated Universal Time),Thu Mar 31 2022 15:00:54 GMT+0000 (Coordinated Universal Time),https://uploads-ssl.webflow.com/61b7956e5b41b31e15be1ab4/622bb80555721b74cfab3757_North%20Carolina.png,
Colorado,colorado,622baf837ee681a6ec443ac0,653ad421e882f528b31e54b1,622bb783a25475862d624829,false,false,Fri Mar 11 2022 20:56:35 GMT+0000 (Coordinated Universal Time),Fri Mar 11 2022 20:56:35 GMT+0000 (Coordinated Universal Time),Fri Mar 11 2022 21:43:08 GMT+0000 (Coordinated Universal Time),https://uploads-ssl.webflow.com/61b7956e5b41b31e15be1ab4/622bb77e2dfbc520995a3310_Colorado.png,
Eau Claire Wisconsin,wisconsin,622baf837ee681a6ec443ac0,653ad421e882f528b31e54b1,622bb87ab66577b479ac048b,false,false,Fri Mar 11 2022 21:00:42 GMT+0000 (Coordinated Universal Time),Thu Mar 31 2022 14:29:24 GMT+0000 (Coordinated Universal Time),Thu Mar 31 2022 15:00:54 GMT+0000 (Coordinated Universal Time),https://uploads-ssl.webflow.com/61b7956e5b41b31e15be1ab4/622bb876666b5c7cc9611d94_Wisconsin.png,
Georgia,georgia,622baf837ee681a6ec443ac0,653ad421e882f528b31e54b1,622bb794b66577f5f3ac01f0,false,false,Fri Mar 11 2022 20:56:52 GMT+0000 (Coordinated Universal Time),Fri Mar 11 2022 20:56:52 GMT+0000 (Coordinated Universal Time),Fri Mar 11 2022 21:43:08 GMT+0000 (Coordinated Universal Time),https://uploads-ssl.webflow.com/61b7956e5b41b31e15be1ab4/622bb7908602322e6f916937_Georgia.png,
Houston,houston,622baf837ee681a6ec443ac0,653ad421e882f528b31e54b1,622bb7b7666b5c193b6117d7,false,true,Fri Mar 11 2022 20:57:27 GMT+0000 (Coordinated Universal Time),Thu Mar 31 2022 14:21:09 GMT+0000 (Coordinated Universal Time),,https://uploads-ssl.webflow.com/61b7956e5b41b31e15be1ab4/622bb7b4b8518f4c5c3ef375_Houston.png,
Maryland,maryland,622baf837ee681a6ec443ac0,653ad421e882f528b31e54b1,622bb7e2d5a78fded6f16d24,false,true,Fri Mar 11 2022 20:58:10 GMT+0000 (Coordinated Universal Time),Thu Mar 31 2022 14:21:17 GMT+0000 (Coordinated Universal Time),,https://uploads-ssl.webflow.com/61b7956e5b41b31e15be1ab4/622bb7bc5834498c0506fb4a_Maryland.png,
Miami Florida,florida,622baf837ee681a6ec443ac0,653ad421e882f528b31e54b1,622bb78be90c5583c63f4653,false,false,Fri Mar 11 2022 20:56:43 GMT+0000 (Coordinated Universal Time),Thu Mar 31 2022 14:31:47 GMT+0000 (Coordinated Universal Time),Thu Mar 31 2022 15:00:54 GMT+0000 (Coordinated Universal Time),https://uploads-ssl.webflow.com/61b7956e5b41b31e15be1ab4/622bb78842f41817ad2d15df_Florida.png,
Michigan,michigan,622baf837ee681a6ec443ac0,653ad421e882f528b31e54b1,622bb7ecb66577211dac02dd,false,false,Fri Mar 11 2022 20:58:20 GMT+0000 (Coordinated Universal Time),Fri Mar 11 2022 20:58:20 GMT+0000 (Coordinated Universal Time),Fri Mar 11 2022 21:43:08 GMT+0000 (Coordinated Universal Time),https://uploads-ssl.webflow.com/61b7956e5b41b31e15be1ab4/622bb7e8d5a78fc10cf16d2c_Michigan.png,
Milwaukee,milwaukee,622baf837ee681a6ec443ac0,653ad421e882f528b31e54b1,622bb7fc966f4862ab285f6a,false,true,Fri Mar 11 2022 20:58:36 GMT+0000 (Coordinated Universal Time),Thu Mar 31 2022 14:21:24 GMT+0000 (Coordinated Universal Time),,https://uploads-ssl.webflow.com/61b7956e5b41b31e15be1ab4/622bb7f8ef804d207ed8f74a_Milwaukee.png,
New York City - Baruch,baruch,622baf837ee681a6ec443ac0,653ad421e882f528b31e54b1,622bb74b8ecb9d268448cc16,false,false,Fri Mar 11 2022 20:55:39 GMT+0000 (Coordinated Universal Time),Thu Mar 31 2022 14:26:55 GMT+0000 (Coordinated Universal Time),Thu Mar 31 2022 15:00:54 GMT+0000 (Coordinated Universal Time),https://uploads-ssl.webflow.com/61b7956e5b41b31e15be1ab4/622bb745e02700963ea6dd0c_Baruch.png,
Northwestern,northwest,622baf837ee681a6ec443ac0,653ad421e882f528b31e54b1,622bb8133e4de36713f1a560,false,false,Fri Mar 11 2022 20:58:59 GMT+0000 (Coordinated Universal Time),Thu Mar 31 2022 14:33:15 GMT+0000 (Coordinated Universal Time),Thu Mar 31 2022 15:00:54 GMT+0000 (Coordinated Universal Time),https://uploads-ssl.webflow.com/61b7956e5b41b31e15be1ab4/622bb8107f092ce17c6ba1fa_northwest.png,
Ohio,ohio,622baf837ee681a6ec443ac0,653ad421e882f528b31e54b1,622bb81ebcc8ae0816062fa5,false,false,Fri Mar 11 2022 20:59:10 GMT+0000 (Coordinated Universal Time),Fri Mar 11 2022 20:59:10 GMT+0000 (Coordinated Universal Time),Fri Mar 11 2022 21:43:08 GMT+0000 (Coordinated Universal Time),https://uploads-ssl.webflow.com/61b7956e5b41b31e15be1ab4/622bb8198ecb9d1bb548ce69_ohio.png,
San Jose State University ,san-jose,622baf837ee681a6ec443ac0,653ad421e882f528b31e54b1,622bb8283fa41f2bcaac423f,false,false,Fri Mar 11 2022 20:59:20 GMT+0000 (Coordinated Universal Time),Thu Mar 31 2022 14:28:50 GMT+0000 (Coordinated Universal Time),Thu Mar 31 2022 15:00:54 GMT+0000 (Coordinated Universal Time),https://uploads-ssl.webflow.com/61b7956e5b41b31e15be1ab4/622bb82651e6bfd6d3be9b60_San%20Jose.png,
Seattle - University of Washington ,washington,622baf837ee681a6ec443ac0,653ad421e882f528b31e54b1,622bb88ee2f4f71074eaea2e,false,false,Fri Mar 11 2022 21:01:02 GMT+0000 (Coordinated Universal Time),Thu Mar 31 2022 14:28:31 GMT+0000 (Coordinated Universal Time),Thu Mar 31 2022 15:00:54 GMT+0000 (Coordinated Universal Time),https://uploads-ssl.webflow.com/61b7956e5b41b31e15be1ab4/622bb887e2f4f77933eae9d5_Washington.png,
Southern California,southern-california,622baf837ee681a6ec443ac0,653ad421e882f528b31e54b1,622bb830d8299a1d9cfee97e,false,true,Fri Mar 11 2022 20:59:28 GMT+0000 (Coordinated Universal Time),Thu Mar 31 2022 14:21:43 GMT+0000 (Coordinated Universal Time),,https://uploads-ssl.webflow.com/61b7956e5b41b31e15be1ab4/622bb84851e6bfaae1be9bab_Southern-California.png,
Suffolk,suffolk,622baf837ee681a6ec443ac0,653ad421e882f528b31e54b1,622bb85284167f3fc4a85f78,false,true,Fri Mar 11 2022 21:00:02 GMT+0000 (Coordinated Universal Time),Thu Mar 31 2022 14:21:57 GMT+0000 (Coordinated Universal Time),,https://uploads-ssl.webflow.com/61b7956e5b41b31e15be1ab4/622bb850cb50204139cdf5e8_Suffolk.png,
UCLA,ucla,622baf837ee681a6ec443ac0,653ad421e882f528b31e54b1,622bb779666b5c0c12610b90,false,false,Fri Mar 11 2022 20:56:25 GMT+0000 (Coordinated Universal Time),Fri Mar 11 2022 20:56:25 GMT+0000 (Coordinated Universal Time),Fri Mar 11 2022 21:43:08 GMT+0000 (Coordinated Universal Time),https://uploads-ssl.webflow.com/61b7956e5b41b31e15be1ab4/622bb7754ab73a5ebf3efa13_California.png,
University of Wisconsin,university-of-wisconsin,622baf837ee681a6ec443ac0,653ad421e882f528b31e54b1,622bb86d4706922bf00b38df,false,true,Fri Mar 11 2022 21:00:29 GMT+0000 (Coordinated Universal Time),Thu Mar 31 2022 14:22:14 GMT+0000 (Coordinated Universal Time),,https://uploads-ssl.webflow.com/61b7956e5b41b31e15be1ab4/622bb864be4b70dfed2c531d_University-of-Wisconsin-logo.png,
Washington D.C. - George Washington University ,gw,622baf837ee681a6ec443ac0,653ad421e882f528b31e54b1,622bb7b02c2c175972a843ad,false,false,Fri Mar 11 2022 20:57:20 GMT+0000 (Coordinated Universal Time),Thu Mar 31 2022 14:28:11 GMT+0000 (Coordinated Universal Time),Thu Mar 31 2022 15:00:54 GMT+0000 (Coordinated Universal Time),https://uploads-ssl.webflow.com/61b7956e5b41b31e15be1ab4/622bb7ac2bf7e3b494730264_gw_monogram_2c.png,
Yale,yale,622baf837ee681a6ec443ac0,653ad421e882f528b31e54b1,622bb89555721b5f12ab3f58,false,false,Fri Mar 11 2022 21:01:09 GMT+0000 (Coordinated Universal Time),Fri Mar 11 2022 21:01:09 GMT+0000 (Coordinated Universal Time),Fri Mar 11 2022 21:43:08 GMT+0000 (Coordinated Universal Time),https://uploads-ssl.webflow.com/61b7956e5b41b31e15be1ab4/622bb893d5a78f6d39f16f67_Yale.png,
