Name,Slug,Collection ID,Locale ID,Item ID,Archived,Draft,Created On,Updated On,Published On,Bio,Picture,Link Twitter,Link Facebook,Link Instagram,Link Linkedin
Abiseniya Lemma,abiseniya-lemma,623ad39de5d1051fe5cb457a,653ad421e882f528b31e54b1,64c7cf90ce7e0d4a77fcef17,false,false,Mon Jul 31 2023 15:13:20 GMT+0000 (Coordinated Universal Time),Mon Jul 31 2023 15:13:20 GMT+0000 (Coordinated Universal Time),Mon Jul 31 2023 15:13:28 GMT+0000 (Coordinated Universal Time),"Hi there, thank you for being here! I'm Abiseniya Lemma, a young professional with four years of experience in non-profit management including leading large-scale projects, team management, and driving innovation. I am consistently striving for equity and inclusion across the world through cross-cultural connections and understanding. I'm passionate about AIESEC United States and the opportunity I have to develop and empower over 250 student leaders across the nation as Head of Volunteers. If you are interested in what we do in AIESEC or my impact on our world, please do not hesitate to reach out.",https://uploads-ssl.webflow.com/61b7956e5b41b31e15be1ab4/64c7cf82806cf6030561b477_1660314847364.jpg,,,,https://www.linkedin.com/in/abiseniyalemma/
Elizabeth Onibokun,elizabeth-onibokun,623ad39de5d1051fe5cb457a,653ad421e882f528b31e54b1,623ad54fad4ca0c3c381d9f5,false,false,Wed Mar 23 2022 08:07:43 GMT+0000 (Coordinated Universal Time),Wed Mar 23 2022 08:07:43 GMT+0000 (Coordinated Universal Time),Wed Mar 23 2022 10:44:42 GMT+0000 (Coordinated Universal Time),"I'm a rising fourth-year political science student at UCLA with a concentration in international relations and a minor in history. I love all things AIESEC and have always been concerned with global issues and foreign policy. With a Jamaican mother and Nigerian father, culture is extremely important in my family and is the main component of my life. I grew up dancing ballet and modern and love to travel whenever I can!",https://uploads-ssl.webflow.com/61b7956e5b41b31e15be1ab4/623ad5324c7dd7495a9e1e52_Elizabeth-Onibokun.jpg,,,https://www.instagram.com/elixer_beth/,
Ian Kawetschanky,ian-k,623ad39de5d1051fe5cb457a,653ad421e882f528b31e54b1,623ad6e7b264603281b59804,false,false,Wed Mar 23 2022 08:14:31 GMT+0000 (Coordinated Universal Time),Wed Mar 23 2022 08:14:58 GMT+0000 (Coordinated Universal Time),Wed Mar 23 2022 10:44:42 GMT+0000 (Coordinated Universal Time),"Faced with a once in a lifetime opportunity - I made the unconventional but correct choice to defer my final semester studying Marketing and Entrepreneurship at UW-Madison's Wisconsin School of Business to assume the role of Vice President of Business Development for the AIESEC United States. I then served as the President of AIESEC United States through July 2020, which tested my leadership and resolve in ways I never imagined. ",https://uploads-ssl.webflow.com/61b7956e5b41b31e15be1ab4/623ad6d672ef8318f4b370dd_Ian-Kawetschanky.jpg,,,,
Magdalene Ho,magdalene-ho,623ad39de5d1051fe5cb457a,653ad421e882f528b31e54b1,623ad4c6e8357cab4f753b8d,false,false,Wed Mar 23 2022 08:05:26 GMT+0000 (Coordinated Universal Time),Wed Mar 23 2022 08:05:26 GMT+0000 (Coordinated Universal Time),Wed Mar 23 2022 10:44:42 GMT+0000 (Coordinated Universal Time),"I'm a college student from Boston, MA studying marketing at Baylor University in Waco, TX. ",https://uploads-ssl.webflow.com/61b7956e5b41b31e15be1ab4/623ad4b1fa7b875d567c08a9_Magdalene%20Ho.jpg,,,https://www.instagram.com/magdaleneho/,
Marina Manova,marina-manova,623ad39de5d1051fe5cb457a,653ad421e882f528b31e54b1,649ca4424328c6b80182c318,false,false,Wed Jun 28 2023 21:21:06 GMT+0000 (Coordinated Universal Time),Wed Jun 28 2023 21:21:06 GMT+0000 (Coordinated Universal Time),Wed Jun 28 2023 21:21:19 GMT+0000 (Coordinated Universal Time),"As a passionate youth leader, she is dedicated to empowering young individuals to reach their full potential and create positive change. With a strong belief in the power of youth, she has led diverse teams and facilitated impactful programs that foster personal growth, leadership development, and community engagement. Through her work, she strives to inspire and equip young leaders with the skills, knowledge, and resources they need to make a difference in the world. ",https://uploads-ssl.webflow.com/61b7956e5b41b31e15be1ab4/649ca406a445560497f05cd0_1648887768231.jpg,,,,https://www.linkedin.com/in/marinamanova/
Marjon Saulon,marjon-saulon,623ad39de5d1051fe5cb457a,653ad421e882f528b31e54b1,623ad5d772ef83a827b36b59,false,false,Wed Mar 23 2022 08:09:59 GMT+0000 (Coordinated Universal Time),Wed Mar 23 2022 08:50:55 GMT+0000 (Coordinated Universal Time),Wed Mar 23 2022 10:44:42 GMT+0000 (Coordinated Universal Time),"Born and raised in Asia, Marjon is a current writer and non-profit communications professional in California. He manages his blog, Third-Culture Thoughts, and writes about everything related to culture, the international experience, and success. He served as Local Committee President of AIESEC San Diego in 2017. Personal website: www.marjonsaulon.com Blog: www.third-culturethoughts.com ",https://uploads-ssl.webflow.com/61b7956e5b41b31e15be1ab4/623ad5bed750584cad383c6d_Marjon-L.jpg,https://twitter.com/marjonlsaulon,,https://www.instagram.com/marjonlorenzo/,https://www.linkedin.com/in/marjonsaulon/
Mateusz Milaszewski,mateusz-milaszewski,623ad39de5d1051fe5cb457a,653ad421e882f528b31e54b1,623ad63cf6dcab801c1ac3c9,false,false,Wed Mar 23 2022 08:11:40 GMT+0000 (Coordinated Universal Time),Wed Mar 23 2022 08:11:40 GMT+0000 (Coordinated Universal Time),Wed Mar 23 2022 10:44:42 GMT+0000 (Coordinated Universal Time),"A Junior at the University of Colorado Boulder pursuing a degree in marketing with an emphasis in global business and a minor in Spanish. Striving to promote sustainability and cross-cultural competence. Culturally integrated, trilingual, determined, constantly striving for personal and professional development, and passionate about travel with a love for nature.",https://uploads-ssl.webflow.com/61b7956e5b41b31e15be1ab4/623ad62b9c0878041b74a2d7_Mateusz-Milaszewski.jpg,,,https://www.instagram.com/yerba_mateusz/,
Nathaniel Kroah,nathaniel-kroah,623ad39de5d1051fe5cb457a,653ad421e882f528b31e54b1,623ad8fb0f85a558978ee1ca,false,false,Wed Mar 23 2022 08:23:23 GMT+0000 (Coordinated Universal Time),Wed Mar 23 2022 08:23:23 GMT+0000 (Coordinated Universal Time),Wed Mar 23 2022 10:44:42 GMT+0000 (Coordinated Universal Time),AIESEC United States | Vice President of Finance | A Midwesterner living in New York City,https://uploads-ssl.webflow.com/61b7956e5b41b31e15be1ab4/623ad8eca1c97211ae0a6ddc_Nathaniel-Kroah.jpg,,,https://www.instagram.com/nathaniel_kroah/,
Nishad Kinhikar,nishad-kinhikar,623ad39de5d1051fe5cb457a,653ad421e882f528b31e54b1,64bfe54ebbfafedc5e56320b,false,false,Tue Jul 25 2023 15:07:58 GMT+0000 (Coordinated Universal Time),Tue Jul 25 2023 17:47:46 GMT+0000 (Coordinated Universal Time),Tue Jul 25 2023 17:47:53 GMT+0000 (Coordinated Universal Time),"I am a 23-year-old MBA Graduate from India and an introverted travel enthusiast. Despite my shyness, I've discovered the beauty of connecting with others, and it has truly enriched my life. I love exploring new places, and my blog VeryFirstTale aims to share my personal adventures, stories and experiences. I hope to inspire my readers to step out of their comfort zones and create their own unforgettable tales. Join me on this journey as we explore the world together!",https://uploads-ssl.webflow.com/61b7956e5b41b31e15be1ab4/64bfe5337e8bb3ba7b84ee78_bio%20photo.png,https://twitter.com/nishadkinhikar4,,https://www.instagram.com/nishadkinhikar4/,https://www.linkedin.com/in/nishad-kinhikar-498309104
Renee Osaigbovo,renee-osaigbovo,623ad39de5d1051fe5cb457a,653ad421e882f528b31e54b1,623ad8ab21ca25273dfd81c5,false,false,Wed Mar 23 2022 08:22:03 GMT+0000 (Coordinated Universal Time),Wed Mar 23 2022 08:22:09 GMT+0000 (Coordinated Universal Time),Wed Mar 23 2022 10:44:42 GMT+0000 (Coordinated Universal Time),AIESEC United States | Vice President 2019-2020,https://uploads-ssl.webflow.com/61b7956e5b41b31e15be1ab4/623ad8a8e8357c432f7551b4_Rene%CC%81e-Osaigbovo.jpg,,,,
Samantha Dowdy,samantha-dowdy,623ad39de5d1051fe5cb457a,653ad421e882f528b31e54b1,623ad7700f85a54d148ed619,false,false,Wed Mar 23 2022 08:16:48 GMT+0000 (Coordinated Universal Time),Wed Mar 23 2022 08:16:48 GMT+0000 (Coordinated Universal Time),Wed Mar 23 2022 10:44:42 GMT+0000 (Coordinated Universal Time),,https://uploads-ssl.webflow.com/61b7956e5b41b31e15be1ab4/623ad75d2a155b0209ad588e_5e9db2edaa58be2514e5626f_Screen-Shot-2020-04-20-at-10.34.jpg,,,https://www.instagram.com/_sam2017_/,
Soraya Morales,soraya-morales-vazquez,623ad39de5d1051fe5cb457a,653ad421e882f528b31e54b1,642e979da4274c12590b34f2,false,false,Thu Apr 06 2023 09:57:49 GMT+0000 (Coordinated Universal Time),Wed Jun 28 2023 21:32:15 GMT+0000 (Coordinated Universal Time),Wed Jun 28 2023 21:32:18 GMT+0000 (Coordinated Universal Time),"👋🏻 Hey there! I'm Soraya (she/her/hers), a 27-year-old woman from Mexico working remotely around Latin America. I have over 5 years of experience in Business Development, Sales, Project Management, and Marketing. By working in challenging environments in more than 6 countries, I developed skills, such as strategic thinking, assertive communication, creative problem-solving, teamwork, and active listening. Throughout my professional journey, have led and worked in cross-cultural and cross-functional teams, which made me feel passionate about diversity, equity, inclusion, and belonging. Additionally, by working with global NGOs and MNCs in CSR projects, I feel the responsibility to contribute to a more sustainable world.",https://uploads-ssl.webflow.com/61b7956e5b41b31e15be1ab4/649ca55084ecbb9c977cb97f_Photo%20-%20Soraya%20Morales.JPEG,,,,https://www.linkedin.com/in/soraya-morales/
Vijetha Sreerama,vijetha-sreerama,623ad39de5d1051fe5cb457a,653ad421e882f528b31e54b1,623ad7c538806b49ffe84740,false,false,Wed Mar 23 2022 08:18:13 GMT+0000 (Coordinated Universal Time),Wed Mar 23 2022 08:18:13 GMT+0000 (Coordinated Universal Time),Wed Mar 23 2022 10:44:42 GMT+0000 (Coordinated Universal Time),,https://uploads-ssl.webflow.com/61b7956e5b41b31e15be1ab4/623ad7c0977a754490f4710d_5e98b75821e596406e90ac62_WhatsApp-Image-2020-04-14-at-5.50.jpg,,,https://www.instagram.com/vijetha.sreerama/,
Vinícius Valentim,vinicius-valentim,623ad39de5d1051fe5cb457a,653ad421e882f528b31e54b1,623ad458423bea68a3ed9d30,false,false,Wed Mar 23 2022 08:03:36 GMT+0000 (Coordinated Universal Time),Wed Mar 23 2022 08:05:32 GMT+0000 (Coordinated Universal Time),Wed Mar 23 2022 10:44:42 GMT+0000 (Coordinated Universal Time),"Vinícius is a Law student at the Federal University of Ceará. He is Polyglot and foreign affairs geek, and he tries his best every day to fight against any mindset that goes against diversity.",https://uploads-ssl.webflow.com/61b7956e5b41b31e15be1ab4/623ad43a62afb1174a7f96bf_Vini%CC%81cius%20Valentim.png,,,https://www.instagram.com/viniciuzzzz/,
Wendy Chen,wendy-chen,623ad39de5d1051fe5cb457a,653ad421e882f528b31e54b1,623ad830d750587c5f384cec,false,false,Wed Mar 23 2022 08:20:00 GMT+0000 (Coordinated Universal Time),Wed Mar 23 2022 08:20:00 GMT+0000 (Coordinated Universal Time),Wed Mar 23 2022 10:44:42 GMT+0000 (Coordinated Universal Time),UCLA | University of California Los Angeles,https://uploads-ssl.webflow.com/61b7956e5b41b31e15be1ab4/623ad82b2a155bae73ad5f1e_Wendy-Chen.jpg,,,https://www.instagram.com/wendy988k/,
Yokelvy Vargas Prud-Home,yokelvy-vargas-prud-home,623ad39de5d1051fe5cb457a,653ad421e882f528b31e54b1,68f416ab5ea873d2f3abd64b,false,false,Sat Oct 18 2025 22:37:31 GMT+0000 (Coordinated Universal Time),Sat Oct 18 2025 22:37:33 GMT+0000 (Coordinated Universal Time),Sat Oct 18 2025 22:37:33 GMT+0000 (Coordinated Universal Time),"Yokelvy Vargas Prud-Home is the Head of External Relations & Incoming Global Talent at AIESEC in the United States. Passionate about youth leadership and international collaboration, he works to build strategic partnerships that create meaningful cross-cultural experiences and advance the United Nations Sustainable Development Goals and Youth Development",https://cdn.prod.website-files.com/61b7956e5b41b31e15be1ab4/68f41648470178262d747ada_FORMAL%20NALU%20(1)%20(1).png,,,,https://www.linkedin.com/in/yokelvy-vp/
